EmpID;Prenom;Nom;CodeDept
1;Marcel;Blain;4
2;Mathieu;Blain;3
3;Marc-André;Bolduc;4
4;Michel;Bolduc;4
5;Pierre;Bourret;4
6;Claudia;Boutin;3
7;Denis;Cadieux;4
10;Diane;Charland;1
11;Eric;Chevalier;2
12;Benoit;Cyr;1
13;Claire;Dang;4
14;Josée;Desjardins;2
15;Quynh;Di Carlo;3
16;Paul;Dutil;4
17;Sylvain;Émond;4
18;Yanick;Favreau;3
19;Manon;Fontaine;4
20;Eddy;Fortin;3
21;Michèle;Fortin;4
22;Nathalie;Fortin;3
23;Yves;Gagnon;2
24;Sylvain;Garneau;4
25;Marguerite;Ibrahim;1
26;Karine;Jalbert;1
27;Anne-Marie;Laguë;2
28;Marc-André;Lahaie;2
29;Caroline;Langlois;4
30;Bruno;Leblanc;4
31;Caroline;Lecours;5
32;Ghyslain;Longchamps;5
33;Jean-François;Mackay;2
34;Julie;Mailloux;1
35;Louise;Massé;2
36;Stéphanie;Meilleur;5
37;Steve;Moreau;1
38;Steve;Nadeau;4
39;Dany;Noël;2
40;Vany;Paquet;1
41;Maria;Paradis;3
42;Catherine;Pelletier;5
43;Marc-André;Rouleau;3
44;Guylaine;Roux;2
45;Ginette;Roy;2
46;Karl;Sauvé;5
47;Dany;Tétreault;5
48;Jean-Yves;Thiboutot;5
49;Lise;Valiquette;1
